left,right,metric,unit,questions,difference,ci_low,ci_high,undefined_replicates,missing_label_lower,missing_label_upper,sampling_and_missing_low,sampling_and_missing_high
brave,tavily,first_support_at_1,percent,74,-5.405405405405405,-13.513513513513514,2.7027027027027026,0,-9.45945945945946,-5.405405405405405,-18.91891891891892,2.7027027027027026
brave,tavily,first_mrr,MRR,74,-0.0021664521664521708,-0.08313063063063063,0.07860360360360359,0,-0.04405834405834405,0.003914628914628918,-0.13319471256971258,0.08507212569712569
brave,tavily,first_support_any,percent,74,13.513513513513514,1.3513513513513509,25.675675675675677,0,8.108108108108109,16.216216216216218,-4.054054054054056,28.37837837837838
brave,firecrawl,first_support_at_1,percent,74,2.7027027027027026,0.0,6.756756756756757,0,0.0,2.7027027027027026,-5.405405405405405,6.756756756756757
brave,firecrawl,first_mrr,MRR,74,0.07058129558129558,0.02461309523809523,0.12310167310167311,0,0.03561776061776062,0.07666237666237666,-0.02628780566280567,0.12975600600600595
brave,firecrawl,first_support_any,percent,74,17.56756756756757,8.108108108108107,28.37837837837838,0,10.81081081081081,20.27027027027027,0.0,31.08108108108108
tavily,firecrawl,first_support_at_1,percent,74,8.108108108108109,1.3513513513513509,16.216216216216218,0,5.405405405405405,12.162162162162161,-2.7027027027027026,20.27027027027027
tavily,firecrawl,first_mrr,MRR,74,0.07274774774774775,0.0013513513513513514,0.14932432432432433,0,0.03778421278421279,0.11463963963963963,-0.047559523809523795,0.20112612612612613
tavily,firecrawl,first_support_any,percent,74,4.054054054054054,-5.405405405405405,13.513513513513512,0,-2.7027027027027035,9.45945945945946,-13.513513513513516,20.27027027027027
